Effect,Chromosome,Position (hg19),Type,Proximal Gene(s) 
chr16:11213951,16,11213951,intronic,CLEC16A
rs10801908,1,117090493,intronic,CD58
rs11256593,10,6117322,intergenic,"IL2RA(dist=12989),RBM17(dist=13627)"
rs438613,3,28072086,intergenic,"EOMES(dist=307880),CMC1(dist=211038)"
rs1800693,12,6440009,intronic,TNFRSF1A
chr3:121765368,3,121765368,intergenic,"ILDR1(dist=24241),CD86(dist=8841)"
rs6670198,1,2520527,intronic,FAM213B
rs62420820,6,137438057,intergenic,"IL20RA(dist=71740),IL22RA2(dist=26900)"
rs1738074,6,159465977,UTR5,"TAGAP(NM_152133:c.-4170A>G,NM_054114:c.-799A>G,NM_138810:c.-799A>G)"
rs35540610,2,231121829,intronic,SP140
rs1323292,1,192541021,intergenic,"RGS21(dist=204607),RGS1(dist=3836)"
rs1077667,19,6668972,intronic,TNFSF14
rs35486093,1,85729820,intergenic,"C1orf52(dist=4465),BCL10(dist=1640)"
rs2150879,17,57859210,intronic,VMP1
rs701006,12,58106836,intronic,OS9
chr14:88523488,14,88523488,ncRNA_intronic,LINC01146
rs11809700,1,93152635,intronic,EVI5
rs9843355,3,119228508,intronic,TIMMDC1
rs4939490,11,60793651,intergenic,"CD6(dist=5803),CD5(dist=76279)"
rs4896153,6,135833463,ncRNA_intronic,LINC00271
rs72928038,6,90976768,intronic,BACH2
rs10063294,5,35877505,UTR3,IL7R(NM_002185:c.*917A>G)
rs1026916,17,40529835,intronic,STAT3
rs1014486,3,159691112,ncRNA_intronic,IL12A-AS1
rs11079784,17,45702280,intergenic,"NPEPPS(dist=1638),KPNB1(dist=24924)"
rs6589706,11,118747813,intergenic,"DDX6(dist=85841),CXCR5(dist=6662)"
chr8:129177769,8,129177769,intergenic,"MIR1208(dist=15335),LINC00824(dist=239747)"
rs11749040,5,40396425,intergenic,"LINC00603(dist=342999),PTGER4(dist=283607)"
rs631204,6,137959455,intergenic,"OLIG3(dist=143924),LOC102723649(dist=27328)"
rs4808760,19,18301979,intergenic,"IFI30(dist=13045),MPV17L2(dist=2061)"
rs12478539,2,43355324,intergenic,"LOC102723854(dist=88642),ZFP36L2(dist=94217)"
rs58166386,19,16559421,intronic,EPS15L1
rs7977720,12,9866349,intergenic,"CLEC2D(dist=14198),CLECL1(dist=2107)"
rs34947566,16,11412926,intergenic,"PRM1(dist=37734),RMI2(dist=26385)"
rs1250551,10,81059335,intronic,ZMIZ1
rs34723276,1,101290432,intergenic,"VCAM1(dist=85831),EXTL2(dist=47496)"
rs28703878,8,79417222,intergenic,"LOC102724874(dist=1028655),PKIA(dist=11114)"
rs3809627,16,30103160,intronic,TBX6
rs140522,22,50971266,upstream,ODF3B
rs67111717,5,176790162,intronic,RGS14
rs59655222,1,200875897,intronic,C1orf106
rs2364485,12,6514963,intergenic,"LTBR(dist=14226),CD27-AS1(dist=33204)"
rs2331964,3,121542898,intronic,IQCB1
rs6990534,8,128814091,intergenic,"MIR1204(dist=5817),PVT1(dist=88783)"
rs2327586,6,135495226,intergenic,"HBS1L(dist=119190),MYB(dist=7227)"
rs12925972,16,79111297,intronic,WWOX
rs9610458,22,22205353,intronic,MAPK1
rs9591325,13,50811220,ncRNA_intronic,DLEU1
rs2248137,20,52789743,intronic,CYP24A1
rs12365699,11,118743286,intergenic,"DDX6(dist=81314),CXCR5(dist=11189)"
rs1177228,2,61242410,intronic,PUS10
rs1076928,6,36348689,intronic,ETV7
rs1087056,10,31395761,intergenic,"ZNF438(dist=74895),ZEB1-AS1(dist=209696)"
rs28834106,19,10592144,intergenic,"PDE4A(dist=11837),KEAP1(dist=4652)"
rs60600003,7,37382465,intronic,ELMO1
rs6032662,20,44734310,intergenic,"NCOA5(dist=15730),CD40(dist=12596)"
rs2546890,5,158759900,ncRNA_exonic,LOC285626
rs10951042,7,3139417,intergenic,"CARD11(dist=55838),LOC100129603(dist=41148)"
rs9878602,3,71535338,intronic,FOXP1
rs1465697,19,49837246,intergenic,"SLC6A16(dist=8772),CD37(dist=1431)"
chr6:14691215,6,14691215,intergenic,"LINC01108(dist=405530),JARID2(dist=554991)"
rs483180,1,120267505,intronic,PHGDH
rs1112718,10,94479107,intergenic,"HHEX(dist=23699),EXOC6(dist=115363)"
rs35703946,16,86021505,intergenic,"IRF8(dist=65294),LINC01082(dist=208282)"
rs12434551,14,69253364,intergenic,"RAD51B(dist=190626),ZFP36L1(dist=1008)"
rs34026809,11,118480695,intronic,PHLDB1
rs62013236,15,79247482,intergenic,"CTSH(dist=10062),RASGRF1(dist=4807)"
rs9909593,17,37970149,intronic,IKZF3
rs2986736,1,6512547,intronic,ESPN
chr13:100026952,13,100026952,ncRNA_intronic,MIR548AN
rs13327021,3,27783015,intergenic,"EOMES(dist=18809),CMC1(dist=500109)"
rs12133753,1,92222089,intronic,TGFBR3
chr7:50328339,7,50328339,intergenic,"C7orf72(dist=129487),IKZF1(dist=15340)"
rs61863928,10,64449549,intergenic,"ZNF365(dist=17778),ADO(dist=114967)"
rs2317231,1,157686337,intergenic,"FCRL3(dist=15690),FCRL2(dist=29186)"
chr16:11353879,16,11353879,intergenic,"SOCS1(dist=3840),TNP2(dist=7835)"
rs12622670,2,68646536,intergenic,"PLEK(dist=21951),FBXO48(dist=42969)"
rs983494,1,160703965,intergenic,"CD48(dist=22324),SLAMF7(dist=4882)"
rs6533052,4,103911781,intronic,SLC9B1
rs4796224,17,34842521,UTR5,"ZNHIT3(NM_001281433:c.-23A>G,NM_001281432:c.-23A>G,NM_004773:c.-23A>G,NM_001281434:c.-23A>G)"
rs72922276,1,65429319,intronic,JAK1
chr1:32738415,1,32738415,intronic,LCK
rs12722559,10,6070273,intronic,IL2RA
rs12147246,14,103265844,intronic,TRAF3
rs1801133,1,11856378,exonic,MTHFR
rs405343,16,1067832,intergenic,"SOX8(dist=30853),SSTR5-AS1(dist=46250)"
rs7731626,5,55444683,intronic,ANKRD55
rs58394161,1,92939959,downstream,GFI1
rs9863496,3,18798848,intergenic,"SATB1-AS1(dist=227242),KCNH8(dist=391169)"
rs244656,5,133449827,upstream,TCF7
rs6564681,16,79652720,intergenic,"MAF(dist=18098),LOC102467146(dist=102489)"
rs6742,20,62374441,UTR3,SLC2A4RG(NM_020062:c.*98C>T)
rs3737798,1,160389984,intronic,VANGL2
rs17724508,16,79350204,intergenic,"WWOX(dist=103640),MAF(dist=277541)"
rs883871,17,38252660,intronic,NR1D1
rs9308424,1,212877776,intergenic,"BATF3(dist=4449),NSL1(dist=21719)"
rs2269434,11,47360412,intronic,MYBPC3
rs719316,6,16672760,intronic,ATXN1
rs2084007,5,133891282,intronic,JADE2
rs6738544,2,191989356,intronic,STAT4
rs7975763,12,123604053,intergenic,"PITPNM2(dist=9017),MPHOSPH9(dist=36890)"
rs34695601,14,76014298,downstream,BATF
rs735542,8,128175696,intergenic,"PRNCR1(dist=70856),CASC19(dist=24335)"
rs249677,5,141539339,intergenic,"NDFIP1(dist=5331),SPRY4(dist=150653)"
rs6496663,15,90887584,intergenic,"NGRN(dist=72141),GABARAPL3(dist=2179)"
rs6589939,11,122518525,intergenic,"MIR100HG(dist=444755),UBASH3B(dist=7873)"
chr2:112492986,2,112492986,intergenic,"MIR4435-1HG(dist=240294),ANAPC1(dist=32228)"
rs4262739,11,128421175,intronic,ETS1
rs2289746,3,105455955,intronic,CBLB
rs17780048,6,138179146,ncRNA_intronic,LOC100130476
rs12614091,2,204632861,intergenic,"CD28(dist=29225),CTLA4(dist=99650)"
rs4409785,11,95311422,intergenic,"LOC100129203(dist=343854),FAM76B(dist=190684)"
chr11:14868316,11,14868316,intronic,PDE3B
chr5:40429250,5,40429250,intergenic,"LINC00603(dist=375824),PTGER4(dist=250782)"
rs57116599,2,112770799,intronic,MERTK
rs11231749,11,64095178,intergenic,"PRDX5(dist=5883),CCDC88B(dist=12512)"
rs2705616,4,87862396,intronic,AFF1
rs10245867,7,28142186,intronic,JAZF1
rs6837324,4,48127262,intronic,TXK
rs10936602,3,169536637,intergenic,"LRRC34(dist=6063),LRRIQ4(dist=3073)"
rs34681760,5,6712834,intergenic,"LOC100505625(dist=5010),PAPD7(dist=1884)"
rs9992763,4,109058718,intronic,LEF1
rs34536443,19,10463118,exonic,TYK2
rs13385171,2,65661843,intergenic,"SPRED2(dist=2187),MIR4778(dist=923538)"
rs2726479,4,106255589,intergenic,"TET2(dist=54629),PPA2(dist=34645)"
rs3184504,12,111884608,exonic,SH2B3
rs9955954,18,56348044,intronic,MALT1
rs760517,22,37258986,intronic,NCF4
rs5756405,22,37310954,intronic,CSF2RB
chr3:100848597,3,100848597,intergenic,"ABI3BP(dist=136263),IMPG2(dist=92793)"
rs1399180,10,8098719,intronic,GATA3
rs10230723,7,50239880,intergenic,"C7orf72(dist=41028),IKZF1(dist=103799)"
chr11:118783424,11,118783424,intergenic,"BCL9L(dist=1811),UPK2(dist=43584)"
rs7855251,9,100868189,intronic,TRIM14
rs6911131,6,143865221,intergenic,"FUCA2(dist=32201),LOC285740(dist=10031)"
rs17051321,4,122119449,intronic,TNIP3
rs7222450,17,43407670,intergenic,"MAP3K14(dist=13240),ARHGAP27(dist=63598)"
rs2836438,21,39864727,intronic,ERG
rs10951154,7,27135314,exonic,HOXA1
rs2585447,20,52744437,intergenic,"BCAS1(dist=57133),CYP24A1(dist=25551)"
chr8:95851818,8,95851818,intronic,INTS8
chr6:119215402,6,119215402,UTR5,ASF1A(NM_014034:c.-176A>C)
rs10191360,2,136884679,intergenic,"CXCR4(dist=8954),THSD7B(dist=863783)"
rs4940730,18,56269737,intronic,ALPK2
rs12832171,12,6441622,intronic,TNFRSF1A
rs11125803,2,25052177,intronic,ADCY3
rs73414214,7,105706462,intergenic,"CDHR3(dist=29585),SYPL1(dist=24352)"
rs13414105,2,30472442,intronic,LBH
rs11919880,3,32962051,intergenic,"TRIM71(dist=28280),CCR4(dist=31015)"
rs13136820,4,40307564,intergenic,"RHOH(dist=61180),LOC101060498(dist=1638)"
rs354033,7,149289464,ncRNA_intronic,ZNF767P
chr3:121783015,3,121783015,intronic,CD86
rs802730,6,128280104,intergenic,"THEMIS(dist=40328),PTPRK(dist=9820)"
rs56095240,11,95421830,intergenic,"LOC100129203(dist=454262),FAM76B(dist=80276)"
rs11852059,14,52306091,intergenic,"FRMD6(dist=108647),GNG2(dist=20931)"
rs531612,11,65705432,intergenic,"DRAP1(dist=16384),TSGA10IP(dist=7683)"
rs6789653,3,141150990,intronic,ZBTB38
rs7260482,19,45143942,intergenic,"IGSF23(dist=3861),PVR(dist=3156)"
rs6427540,1,160634588,intergenic,"SLAMF1(dist=17487),CD48(dist=13948)"
rs6672420,1,25291010,exonic,RUNX3
rs12588969,14,103230758,intergenic,"RCOR1(dist=33845),TRAF3(dist=13058)"
rs4325907,3,101749022,intergenic,"LOC152225(dist=32252),ZPLD1(dist=404837)"
rs11161550,1,85682020,intergenic,"SYDE2(dist=15292),C1orf52(dist=33617)"
rs11083862,19,47638539,intronic,SAE1
rs10271373,7,138729795,UTR3,ZC3HAV1(NM_020119:c.*2545G>T)
chr3:112693983,3,112693983,upstream,CD200R1
rs4728142,7,128573967,intergenic,"KCP(dist=23194),IRF5(dist=4024)"
rs2286974,16,11114512,intronic,CLEC16A
rs8062446,16,57077094,intronic,NLRC5
rs2590438,3,187565968,intergenic,"BCL6(dist=102455),LPP-AS2(dist=303026)"
rs9568402,13,50961957,ncRNA_intronic,DLEU1
rs12609500,19,11173928,downstream,SMARCA4
rs72989863,4,164493807,intronic,MARCH1
rs12971909,19,4466466,intergenic,"UBXN6(dist=8675),HDGFRP2(dist=5727)"
rs4812772,20,42579051,intronic,TOX2
rs61884005,11,14402930,intergenic,"RRAS2(dist=16878),COPB1(dist=76119)"
rs962052,2,151644203,intergenic,"LOC101929282(dist=152332),RBM43(dist=460525)"
rs137955,22,40291807,intergenic,"ENTHD1(dist=2013),GRAP2(dist=5279)"
rs4820955,22,31622539,intronic,LIMK2
rs35218683,11,321138,upstream,IFITM3
rs13066789,3,187987624,intronic,LPP
rs11899404,2,12607893,ncRNA_intronic,LOC100506457
chr1:154983036,1,154983036,intronic,ZBTB7B
rs3923387,8,144986793,intergenic,"EPPK1(dist=34161),PLEC(dist=2522)"
rs61708525,12,94661453,intronic,PLXNC1
rs12211604,6,7100029,intergenic,"LY86(dist=444813),RREB1(dist=7801)"
rs11578655,1,101412902,intronic,SLC30A7
rs2469434,18,67544046,intronic,CD226
rs55858457,7,2443302,UTR5,CHST12(NM_018641:c.-28973G>T)
rs32658,5,118703662,intronic,TNFAIP8
rs1415069,1,93426869,intronic,FAM69A
rs1365120,11,36438075,intronic,PRR5L
rs67934705,1,24207504,intronic,CNR2
rs17741873,10,75653800,intergenic,"CAMK2G(dist=19451),C10orf55(dist=15927)"
rs9900529,17,73335776,intronic,GRB2
rs10936182,3,159712373,ncRNA_intronic,IL12A-AS1
rs6020055,20,48422095,intergenic,"B4GALT5(dist=91674),SLC9A8(dist=7155)"
rs198398,1,11883342,intronic,CLCN6
rs9808753,21,34787312,exonic,IFNGR2
rs6072343,20,39968188,intronic,ERG
chr6:130348257,6,130348257,intronic,L3MBTL3
,12,123604053,intergenic,"PITPNM2(dist=9017),MPHOSPH9(dist=36890)"
