Order,rsid,Chr,Pos,AlleleA,AlleleB,Gene,Annotation
#1,rs2476601,1,114377568,A,G,PTPN22,missense
#2,rs1801274,1,161479745,A,G,FCGR2A,missense
#3,rs35426045,1,161649724,G,A,FCGR2B,intergenic
#4,rs2205960,1,173191475,G,T,TNFSF4,intergenic
#5,rs1418190,1,173361979,C,T,LOC100506023,ncRNA_intronic
#6,rs17849501,1,183542323,C,T,NCF2,synonymous
#7,rs34889541,1,198594769,G,A,"ATP6V1G3,",intergenic
#8,rs2297550,1,206643772,C,G,IKBKE,UTR5
#9,rs3024505,1,206939904,G,A,IL10,intergenic
#10,rs9782955,1,236039877,T,C,LYST,intronic
#11,rs7579944,2,30445026,T,C,LBH,intergenic
#12,rs17321999,2,30479857,C,A,LBH,intronic
#13,rs13385731,2,33701890,T,C,RASGRP3,intronic
#14,rs6740462,2,65667272,C,A,SPRED2,intergenic
#15,rs6705628,2,74208362,C,T,DGUOK-AS1,ncRNA_exonic
#16,rs2322659,2,136555659,T,C,LCT,missense
#17,rs1990760,2,163124051,C,T,IFIH1,missense
#18,rs11889341,2,191943742,C,T,STAT4,intronic
#19,rs3768792,2,213871709,G,A,IKZF2,UTR3
#20,rs6445972,3,58321707,C,T,PXK,intronic
#21,rs6445975,3,58370177,G,T,PXK,intronic
#22,rs9311676,3,58470351,C,T,LOC107986092,intronic
#23,rs1131265,3,119222456,G,C,TIMMDC1;CD80,synonymous SNV
#24,rs564799,3,159728987,C,T,IL12A,ncRNA_intronic
#25,rs10936599,3,169492101,C,T,MYNN,synonymous SNV
#26,rs6762714,3,188470238,C,T,LPP,intronic
#27,rs4690229,4,970724,A,T,DGKQ;SLC26A1,intergenic
#28,rs10028805,4,102737250,G,A,BANK1,intronic
#29,rs7726159,5,1282319,C,A,TERT,intron
#30,rs7726414,5,133431834,C,T,VDAC1;TCF7,intergenic
#31,rs10036748,5,150458146,C,T,TNIP1,intronic
#32,rs2431697,5,159879978,T,C,PTTG1;MIR146A,intergenic
#33,rs9270984,6,32573991,T,G,HLA region,intergenic
#34,rs3734266,6,34823187,T,C,UHRF1BP1,intronic
#35,rs597325,6,91002494,A,G,BACH2,intronic
#36,rs548234,6,106568034,C,T,PRDM1;ATG5,intergenic
#37,rs2327832,6,137973068,A,G,OLIG3 ,intergenic
#38,rs2230926,6,138196066,T,G,TNFAIP3,missense
#39,rs849142,7,28185891,T,C,JAZF1,intronic
#40,rs2366293,7,50227828,G,C,C7orf72;IKZF1,intergenic
#41,rs4917014,7,50305863,T,G,C7orf72;IKZF1,intergenic
#42,rs13238909,7,67076373,G,A,ST3AGL4,intergenic
#43,rs73135369,7,73940978,T,C,GTF2IRD1,intronic
#44,rs117026326,7,74126034,C,T,GTF2I,intronic
#45,rs11773745,7,75171438,A,G,HIP1,intronic
#46,rs729302,7,128568960,A,C,KCP;IRF5,intergenic
#47,rs4728142,7,128573967,G,A,KCP;IRF5,intergenic
#48,rs12531711,7,128617466,A,G,IRF5;TNPO3,intron
#49,rs2428,8,8641145,C,T,MFHAS1,UTR3
#50,rs12680762,8,11332026,C,T,FAM167A,intron
#51,rs2736340,8,11343973,C,T,FAM167A;BLK,intergenic
#52,rs7097397,10,50025396,G,A,WDFY4,missense
#53,rs4948496,10,63805617,T,C,ARID5B,intronic
#54,rs12802200,11,566936,C,A,MIR210HG,ncRNA_exonic
#55,rs2732552,11,35084592,T,C,PDHX,intergenic
#56,rs1061502,11,614318,T,C,IRF7,missense
#57,rs2009453,11,65399528,C,T,PCNX3;RELA,intronic
#58,rs1308020,11,65497558,G,A,RNASEH2C,intergenic
#59,rs494003,11,65542298,G,A,AP5B1,UTR3
#60,rs10750836,11,68815523,C,T,TPCN2,upstream
#61,rs11235604,11,72533536,C,T,ATG16L2,missense
#62,rs11603023,11,118486067,T,C,PHLDB1,intronic
#63,rs4639966,11,118573519,T,C,TREH;DDX6,intergenic
#64,rs1128334,11,128328959,C,T,ETS1,UTR3
#65,rs7941765,11,128499000,T,C,ETS1,intergenic
#66,rs10845606,12,12834894,C,A,GPR19,intronic
#67,rs10774625,12,111910219,A,G,ATXN2;SH2B3,intron
#68,rs1385374,12,129300694,C,T,SLC15A4,intronic
#69,rs7329174,13,41558110,A,G,ELF1,intronic
#70,rs12874404,13,108993494,A,G,TNFSF13B,intergenic
#71,rs4902562,14,68731458,A,G,RAD51B,intronic
#72,rs2841280,14,105393556,G,C,PLD4,nonsynonymous 
#73,rs117518546,14,106204113,C,T,IGHG1,nonsynonymous
#74,rs8035957,15,38838264,T,C,RASGRP1,intronic
#75,rs2289583,15,75311036,C,A,SCAMP5,intronic
#76,rs12599402,16,11189888,T,C,CLEC16A,intronic
#77,rs4592664,16,23890735,T,C,PRKCB,intronic
#78,rs1143679,16,31276811,G,A,ITGAM,missense
#79,rs223881,16,57386566,T,C,PLLP;CCL22,intergenic
#80,rs2731783,16,58253460,A,G,CSNK2A2,intergenic
#81,rs1170426,16,68603798,C,T,ZFP90,intronic
#82,rs2934498,16,85968282,A,G,IRF8,intergenic
#83,rs11644034,16,85972612,G,A,IRF8;LINC01082,intergenic
#84,rs2280381,16,86018633,C,T,IRF8;LINC01082,intergenic
#85,rs34562254,17,16842991,G,A,TNFRSF13B,missense
#86,rs8079075,17,38010815,A,G,IKZF3,intron
#87,rs930297,17,73404537,C,T,GRB2,intergenic
#88,rs763361,18,67531642,T,C,CD226,missense
#89,rs2304256,19,10475652,C,A,TYK2,missense
#90,rs2305772,19,52033742,G,A,SIGLEC6,missense
#91,rs4810485,20,44747947,T,G,CD40,intronic
#92,rs463426,22,21809185,T,C,HIC2;TMEM191C,intergenic
#93,rs7444,22,21976934,T,C,UBE2L3,UTR3
#94,rs61616683,22,39755773,C,T,SYNGR1,intron
